id_contrato,pd
T000001,0.0473790559
T000002,0.0473120623
T000003,0.0974025885
T000004,0.0559770092
T000005,0.1000097046
T000006,0.0447883476
T000007,0.1931536118
T000008,0.3587512597
T000009,0.0291371214
T000010,0.1408057192
T000011,0.0580282086
T000012,0.0400342463
T000013,0.0417462125
T000014,0.0868527001
T000015,0.0495614545
T000016,0.0285370746
T000017,0.0246324309
T000018,0.0913913365
T000019,0.0555108660
T000020,0.0791796921
T000021,0.0550419168
T000022,0.0430000825
T000023,0.0375426677
T000024,0.0382241572
T000025,0.0569897025
T000026,0.1021310141
T000027,0.0341361646
T000028,0.1078707132
T000029,0.0391802887
T000030,0.0464113577
T000031,0.0441929093
T000032,0.0668210526
T000033,0.0315665642
T000034,0.0883275682
T000035,0.0343653374
T000036,0.0660798570
T000037,0.0256564755
T000038,0.0342553623
T000039,0.1157337827
T000040,0.0604202017
T000041,0.0318525530
T000042,0.3585041889
T000043,0.0578678964
T000044,0.0739406917
T000045,0.2124286842
T000046,0.0534388889
T000047,0.0363587188
T000048,0.0408014776
T000049,0.0824545345
T000050,0.0353369193
T000051,0.0346274283
T000052,0.0980134661
T000053,0.0591207945
T000054,0.0488214667
T000055,0.0422855069
T000056,0.0794668783
T000057,0.0385115013
T000058,0.0512745527
T000059,0.1267508366
T000060,0.0289425419
T000061,0.0422013408
T000062,0.0721748280
T000063,0.0456966091
T000064,0.0775102919
T000065,0.1077801954
T000066,0.0293587479
T000067,0.1962053000
T000068,0.3564387289
T000069,0.0450993044
T000070,0.0549338587
T000071,0.0699396144
T000072,0.0397905863
T000073,0.0187671395
T000074,0.0306817973
T000075,0.0320767918
T000076,0.0637656950
T000077,0.0840445504
T000078,0.2234495972
T000079,0.0404601073
T000080,0.0276200814
T000081,0.0398524193
T000082,0.0694745647
T000083,0.0680472990
T000084,0.0347130743
T000085,0.0286671496
T000086,0.0305393266
T000087,0.0430334129
T000088,0.0288986821
T000089,0.0668490750
T000090,0.0407297428
T000091,0.0847074008
T000092,0.0791532571
T000093,0.0720698122
T000094,0.0477105158
T000095,0.0816741946
T000096,0.0566385458
T000097,0.0744538292
T000098,0.1815849507
T000099,0.0587562995
T000100,0.0616533285
T000101,0.0391943135
T000102,0.0461314918
T000103,0.0547702900
T000104,0.2586290035
T000105,0.0432080081
T000106,0.1350601930
T000107,0.1497532752
T000108,0.0251429336
T000109,0.0643489274
T000110,0.0499091841
T000111,0.0663034276
T000112,0.0259061352
T000113,0.1216529379
T000114,0.3797004827
T000115,0.0496233614
T000116,0.2644294114
T000117,0.0758236622
T000118,0.0414089559
T000119,0.0313365691
T000120,0.0395730426
T000121,0.0617506142
T000122,0.0407242333
T000123,0.0211713298
T000124,0.0470736675
T000125,0.0473834518
T000126,0.0808254222
T000127,0.0792201360
T000128,0.0713878887
T000129,0.0222033429
T000130,0.3109489852
T000131,0.0394389045
T000132,0.0347124885
T000133,0.0829381188
T000134,0.0277474104
T000135,0.0402017804
T000136,0.0201724180
T000137,0.0309828602
T000138,0.0482534262
T000139,0.0243750228
T000140,0.0342547867
T000141,0.0590243528
T000142,0.0334247860
T000143,0.0686481393
T000144,0.0477584892
T000145,0.0401383412
T000146,0.1131691968
T000147,0.0692035032
T000148,0.0993755213
T000149,0.0365785238
T000150,0.0846473628
T000151,0.3497574704
T000152,0.0657030408
T000153,0.1001022084
T000154,0.0217660934
T000155,0.0682923285
T000156,0.0490011646
T000157,0.0412750435
T000158,0.0325104239
T000159,0.0648724801
T000160,0.4753486449
T000161,0.0385610918
T000162,0.0523336908
T000163,0.0358662606
T000164,0.0939281374
T000165,0.0298272837
T000166,0.0914313199
T000167,0.0386999763
T000168,0.4601022862
T000169,0.1043734711
T000170,0.0348368882
T000171,0.0809307284
T000172,0.0594654177
T000173,0.0600552878
T000174,0.0242526481
T000175,0.1565180258
T000176,0.1353565164
T000177,0.0879819316
T000178,0.0375406848
T000179,0.4817598860
T000180,0.0332294741
T000181,0.0388644392
T000182,0.0349127526
T000183,0.0360867867
T000184,0.1330871072
T000185,0.0320343399
T000186,0.0578942144
T000187,0.0439307959
T000188,0.0762399233
T000189,0.2837741935
T000190,0.0484836836
T000191,0.0402894608
T000192,0.0903194683
T000193,0.0869671516
T000194,0.0676180714
T000195,0.0564188607
T000196,0.0279977848
T000197,0.0649664953
T000198,0.0375361524
T000199,0.0603967657
T000200,0.0343717834
T000201,0.0688224233
T000202,0.0690241940
T000203,0.0548640551
T000204,0.0818111149
T000205,0.0681947340
T000206,0.0347872755
T000207,0.0526193514
T000208,0.0544757791
T000209,0.0396629219
T000210,0.0541769477
T000211,0.0421219414
T000212,0.0388791869
T000213,0.1627430057
T000214,0.1581379060
T000215,0.1982930222
T000216,0.0794795877
T000217,0.0807956488
T000218,0.0441612100
T000219,0.0477220054
T000220,0.1441282833
T000221,0.0788076982
T000222,0.0917765315
T000223,0.0386857159
T000224,0.1016870860
T000225,0.0410540134
T000226,0.0420419283
T000227,0.0379475691
T000228,0.0321584761
T000229,0.0398244533
T000230,0.1044661145
T000231,0.0414600074
T000232,0.0337752047
T000233,0.0318811721
T000234,0.1571001299
T000235,0.0612032580
T000236,0.0330198031
T000237,0.2385167839
T000238,0.0705323170
T000239,0.0477673891
T000240,0.0415055203
T000241,0.0549105863
T000242,0.2197932706
T000243,0.1367081462
T000244,0.0236447093
T000245,0.0291678496
T000246,0.1278804869
T000247,0.0437135519
T000248,0.0763774435
T000249,0.0347041394
T000250,0.0609999114
T000251,0.0267086248
T000252,0.3840476971
T000253,0.1024641627
T000254,0.1278860201
T000255,0.0786459111
T000256,0.0546433444
T000257,0.0398060666
T000258,0.0401976292
T000259,0.0677374605
T000260,0.0181294277
T000261,0.0498087775
T000262,0.0423748941
T000263,0.0272707565
T000264,0.0356791967
T000265,0.0347143583
T000266,0.0377806532
T000267,0.0675115900
T000268,0.0220632504
T000269,0.0365622779
T000270,0.0570223919
T000271,0.0339563114
T000272,0.0437923669
T000273,0.0371450887
T000274,0.0487834204
T000275,0.0566383518
T000276,0.0947736973
T000277,0.0562252040
T000278,0.0381448099
T000279,0.0299803192
T000280,0.0341326792
T000281,0.0398390232
T000282,0.0293253548
T000283,0.0956416629
T000284,0.1974506301
T000285,0.0901284050
T000286,0.0488637628
T000287,0.0858652989
T000288,0.0632836895
T000289,0.0670269105
T000290,0.0359005025
T000291,0.0733219929
T000292,0.0485196883
T000293,0.0458995914
T000294,0.0909782955
T000295,0.1279091010
T000296,0.0551340981
T000297,0.0652107798
T000298,0.0244794095
T000299,0.0204801806
T000300,0.0688752522
T000301,0.0694700427
T000302,0.0332577177
T000303,0.0564921465
T000304,0.0565080874
T000305,0.0868347951
T000306,0.0753074895
T000307,0.0840496410
T000308,0.0278191788
T000309,0.1036183417
T000310,0.0191188728
T000311,0.0256191730
T000312,0.0436113739
T000313,0.0195132292
T000314,0.0391483880
T000315,0.0440884245
T000316,0.0371106217
T000317,0.0703990787
T000318,0.0517000941
T000319,0.1854843431
T000320,0.0275994079
T000321,0.0601301750
T000322,0.0304354339
T000323,0.0384533381
T000324,0.1602392578
T000325,0.2064864122
T000326,0.0424151662
T000327,0.0601827395
T000328,0.1029889522
T000329,0.0644649553
T000330,0.0357832761
T000331,0.0250378977
T000332,0.0890591998
T000333,0.2051465483
T000334,0.0202873465
T000335,0.0537744950
T000336,0.0368513705
T000337,0.0422732639
T000338,0.0578165668
T000339,0.0404764190
T000340,0.1890188966
T000341,0.0372778066
T000342,0.0336897980
T000343,0.0961624019
T000344,0.0362335625
T000345,0.1166809742
T000346,0.0316065665
T000347,0.0554600322
T000348,0.1366140436
T000349,0.0363001558
T000350,0.0619082842
T000351,0.0300958606
T000352,0.0469516858
T000353,0.0296989097
T000354,0.0286758773
T000355,0.0412222903
T000356,0.0663706425
T000357,0.0560215059
T000358,0.0368423189
T000359,0.0612070564
T000360,0.0495359621
T000361,0.0511111022
T000362,0.0280004645
T000363,0.0307866047
T000364,0.0913437253
T000365,0.0324175987
T000366,0.0310509227
T000367,0.0290968895
T000368,0.0333047383
T000369,0.2492545448
T000370,0.0375860373
T000371,0.1420381859
T000372,0.0402363901
T000373,0.0537337299
T000374,0.0284192202
T000375,0.0689732568
T000376,0.0524322066
T000377,0.0400048778
T000378,0.0941408987
T000379,0.0265642579
T000380,0.0454303491
T000381,0.0636878125
T000382,0.0239945303
T000383,0.0483244685
T000384,0.1995167059
T000385,0.0513604622
T000386,0.0404290342
T000387,0.1816343269
T000388,0.0477078281
T000389,0.0463951610
T000390,0.0914843181
T000391,0.1435275571
T000392,0.1007849640
T000393,0.0474197725
T000394,0.0389154282
T000395,0.0505871857
T000396,0.0680494506
T000397,0.0273934200
T000398,0.1014411472
T000399,0.1440052234
T000400,0.0286431551
T000401,0.0593556319
T000402,0.0935372431
T000403,0.1416804433
T000404,0.0218110452
T000405,0.1328551240
T000406,0.0575872684
T000407,0.0386650136
T000408,0.0338593699
T000409,0.0557534743
T000410,0.1130314533
T000411,0.0328843159
T000412,0.0773282013
T000413,0.0351146404
T000414,0.0275771202
T000415,0.0397707876
T000416,0.1911851287
T000417,0.0759964815
T000418,0.0291442407
T000419,0.0322515073
T000420,0.1631383894
T000421,0.0839576390
T000422,0.0541873894
T000423,0.2237265786
T000424,0.1163573488
T000425,0.0320917533
T000426,0.1244415297
T000427,0.0201112099
T000428,0.0424510273
T000429,0.1114436503
T000430,0.0558976554
T000431,0.0347042893
T000432,0.1248139444
T000433,0.0674731224
T000434,0.0374483882
T000435,0.1094533721
T000436,0.1044826707
T000437,0.0481153804
T000438,0.0278084167
T000439,0.0357778770
T000440,0.0376316361
T000441,0.0320669743
T000442,0.0341385370
T000443,0.1933345283
T000444,0.0512167807
T000445,0.0612913618
T000446,0.0310718518
T000447,0.1252549711
T000448,0.0406531419
T000449,0.0310014166
T000450,0.0337058458
T000451,0.0583074102
T000452,0.0647510587
T000453,0.0546884655
T000454,0.0681180259
T000455,0.1909864111
T000456,0.0331535744
T000457,0.0291762334
T000458,0.0284809258
T000459,0.0529028118
T000460,0.0206216467
T000461,0.0987276970
T000462,0.0325342253
T000463,0.0510122657
T000464,0.0329215449
T000465,0.1077668099
T000466,0.0496005491
T000467,0.0363858862
T000468,0.0341931248
T000469,0.0339457344
T000470,0.0296060833
T000471,0.0984132377
T000472,0.0591928825
T000473,0.0324683205
T000474,0.0798511087
T000475,0.0382667054
T000476,0.0798217879
T000477,0.0423792394
T000478,0.0461597521
T000479,0.2546257806
T000480,0.0448617077
T000481,0.0374623999
T000482,0.0334062880
T000483,0.0343059205
T000484,0.0275680886
T000485,0.1379741283
T000486,0.0341092182
T000487,0.0350203612
T000488,0.0251975846
T000489,0.0411569041
T000490,0.2604411595
T000491,0.1213563018
T000492,0.1229080176
T000493,0.0281387195
T000494,0.0366408526
T000495,0.1748871036
T000496,0.0797182319
T000497,0.0549658871
T000498,0.0535295983
T000499,0.0266183913
T000500,0.0335147478
T000501,0.0414636000
T000502,0.0305994755
T000503,0.0511074177
T000504,0.0663848208
T000505,0.0502349419
T000506,0.0351048916
T000507,0.2204209701
T000508,0.2071686892
T000509,0.3394895789
T000510,0.0410719537
T000511,0.0316938739
T000512,0.0526258325
T000513,0.1700760928
T000514,0.0643340601
T000515,0.1133560642
T000516,0.0347452394
T000517,0.0267781205
T000518,0.0932257790
T000519,0.1264426810
T000520,0.0287627097
T000521,0.1210816216
T000522,0.0374649865
T000523,0.0741758448
T000524,0.0281895517
T000525,0.0330199595
T000526,0.0509436942
T000527,0.1014794394
T000528,0.0699976877
T000529,0.1712042545
T000530,0.1860634756
T000531,0.0513404930
T000532,0.1358673023
T000533,0.0558525974
T000534,0.0554342365
T000535,0.0824213391
T000536,0.0384517927
T000537,0.0486876420
T000538,0.1042435625
T000539,0.0408134200
T000540,0.1011772456
T000541,0.0731611877
T000542,0.0534018506
T000543,0.0459734434
T000544,0.0437483911
T000545,0.0595824871
T000546,0.0323869719
T000547,0.0585665220
T000548,0.0238562754
T000549,0.0494833238
T000550,0.2675686828
T000551,0.0390177487
T000552,0.0178577209
T000553,0.0835010396
T000554,0.0687712233
T000555,0.0363497741
T000556,0.0698552416
T000557,0.0913040290
T000558,0.0354643417
T000559,0.0815975827
T000560,0.1893242850
T000561,0.3258235002
T000562,0.1199470237
T000563,0.1950656223
T000564,0.0240172918
T000565,0.0264744801
T000566,0.0948573522
T000567,0.0422172740
T000568,0.0417223184
T000569,0.1011336903
T000570,0.0548954880
T000571,0.0434811675
T000572,0.0555552007
T000573,0.0445368490
T000574,0.0842176099
T000575,0.0274788309
T000576,0.0342662693
T000577,0.1786220682
T000578,0.1037715265
T000579,0.0286659062
T000580,0.0183222483
T000581,0.1739590086
T000582,0.3287604989
T000583,0.0200079889
T000584,0.0761711140
T000585,0.0394181247
T000586,0.0404016326
T000587,0.0294821946
T000588,0.0403574048
T000589,0.0832545344
T000590,0.0242917522
T000591,0.0462638074
T000592,0.0577848629
T000593,0.0676416068
T000594,0.0435448109
T000595,0.0894691163
T000596,0.1885286789
T000597,0.0252840771
T000598,0.2259837340
T000599,0.0513373299
T000600,0.0456326608
T000601,0.0848303860
T000602,0.0363027568
T000603,0.0295004257
T000604,0.0277063049
T000605,0.0486926546
T000606,0.0465204672
T000607,0.0498091568
T000608,0.0529387825
T000609,0.1646867390
T000610,0.3183051784
T000611,0.0951329643
T000612,0.2071784268
T000613,0.0479382524
T000614,0.0249973865
T000615,0.0804990563
T000616,0.2202153123
T000617,0.0269450112
T000618,0.1113679421
T000619,0.0490783662
T000620,0.1211783465
T000621,0.1368179146
T000622,0.4655361817
T000623,0.0367995352
T000624,0.1118054426
T000625,0.1068791609
T000626,0.0560543253
T000627,0.0468859289
T000628,0.2075566759
T000629,0.0980772032
T000630,0.0316914463
T000631,0.0364316187
T000632,0.0429493686
T000633,0.1840266431
T000634,0.0354038524
T000635,0.0274958619
T000636,0.0538283596
T000637,0.0850718914
T000638,0.0275042721
T000639,0.1022496864
T000640,0.0169152313
T000641,0.0457942497
T000642,0.1547929882
T000643,0.0605060337
T000644,0.0640961174
T000645,0.0357251986
T000646,0.0418083904
T000647,0.0397899801
T000648,0.0568829925
T000649,0.0598613409
T000650,0.0307234964
T000651,0.3487861126
T000652,0.0484121810
T000653,0.0628873998
T000654,0.0288886956
T000655,0.0351679518
T000656,0.0401677805
T000657,0.2510043632
T000658,0.0276773474
T000659,0.0762040281
T000660,0.1105302283
T000661,0.0389468584
T000662,0.0940182991
T000663,0.0864814068
T000664,0.0309374346
T000665,0.1173156170
T000666,0.0407573413
T000667,0.0440217531
T000668,0.0324944840
T000669,0.0412317955
T000670,0.0472218895
T000671,0.1199563443
T000672,0.0424791742
T000673,0.0274508877
T000674,0.0908784348
T000675,0.0437660201
T000676,0.0346129848
T000677,0.1171874369
T000678,0.0246258135
T000679,0.1692847921
T000680,0.0300766711
T000681,0.0260023404
T000682,0.0383349553
T000683,0.0531664378
T000684,0.0432218977
T000685,0.0717028463
T000686,0.0447172573
T000687,0.0368332359
T000688,0.3004116765
T000689,0.0270810910
T000690,0.0380896922
T000691,0.0531615238
T000692,0.0442319137
T000693,0.0234317008
T000694,0.0221804619
T000695,0.3943898409
T000696,0.0262989844
T000697,0.0203346349
T000698,0.0664697339
T000699,0.0274351719
T000700,0.1223071075
T000701,0.0589686093
T000702,0.0543020908
T000703,0.0817869972
T000704,0.0262245464
T000705,0.0234608195
T000706,0.3944181643
T000707,0.0310669603
T000708,0.2512484062
T000709,0.0518745574
T000710,0.0642440687
T000711,0.0795359222
T000712,0.0415245505
T000713,0.0324024323
T000714,0.0254727094
T000715,0.0315228148
T000716,0.0197696740
T000717,0.0772061597
T000718,0.1190156254
T000719,0.0741233627
T000720,0.0463854829
T000721,0.0720762878
T000722,0.0679064031
T000723,0.0551803365
T000724,0.1198213926
T000725,0.0535829629
T000726,0.0676433693
T000727,0.0350357238
T000728,0.0639516025
T000729,0.0942650393
T000730,0.0288810163
T000731,0.0417670322
T000732,0.0273631766
T000733,0.0294547506
T000734,0.1735998008
T000735,0.2830518436
T000736,0.1652103394
T000737,0.1950029380
T000738,0.0472805352
T000739,0.0300694409
T000740,0.1088403881
T000741,0.0412322746
T000742,0.0396898923
T000743,0.0978817768
T000744,0.0946886076
T000745,0.0474799145
T000746,0.0443651326
T000747,0.0558070634
T000748,0.0860172468
T000749,0.0356962262
T000750,0.0750765450
T000751,0.0418220165
T000752,0.3285738109
T000753,0.0513381011
T000754,0.0642038957
T000755,0.0264786416
T000756,0.0443098978
T000757,0.0508296057
T000758,0.0293595923
T000759,0.0426123489
T000760,0.0437493522
T000761,0.0455345080
T000762,0.0322164189
T000763,0.0250961661
T000764,0.1543576668
T000765,0.0371286034
T000766,0.2812477802
T000767,0.2353804530
T000768,0.1631646183
T000769,0.1989288421
T000770,0.1571739446
T000771,0.1163628348
T000772,0.1058183283
T000773,0.0379107850
T000774,0.0323896190
T000775,0.0310427145
T000776,0.0629268065
T000777,0.0486838883
T000778,0.0729014417
T000779,0.0443787380
T000780,0.0395634805
T000781,0.0468092848
T000782,0.0195899275
T000783,0.0495551710
T000784,0.0463813942
T000785,0.0333444231
T000786,0.0347173239
T000787,0.2709223153
T000788,0.0510831736
T000789,0.0306181453
T000790,0.0431086316
T000791,0.0353238708
T000792,0.0437556976
T000793,0.0571548918
T000794,0.1874265222
T000795,0.1377599666
T000796,0.0398911853
T000797,0.0213414685
T000798,0.0599857831
T000799,0.0683061616
T000800,0.0777144166
T000801,0.0284245871
T000802,0.0632333654
T000803,0.0319381048
T000804,0.0391412476
T000805,0.0497176533
T000806,0.0804705651
T000807,0.1200458858
T000808,0.0540020643
T000809,0.0277094215
T000810,0.0543402549
T000811,0.2688995448
T000812,0.0947217114
T000813,0.2600275945
T000814,0.0498824203
T000815,0.0318549088
T000816,0.1187694989
T000817,0.0660392028
T000818,0.0487562677
T000819,0.1171700721
T000820,0.1162151754
T000821,0.1444745811
T000822,0.0277722037
T000823,0.0538980812
T000824,0.0360772084
T000825,0.0458191837
T000826,0.0579164858
T000827,0.0379405739
T000828,0.0413555104
T000829,0.0620811154
T000830,0.0704875415
T000831,0.0401031304
T000832,0.0276547170
T000833,0.0457529268
T000834,0.0673258521
T000835,0.0299524558
T000836,0.0212780328
T000837,0.0642050153
T000838,0.0362129043
T000839,0.0386104463
T000840,0.0430318562
T000841,0.0388607500
T000842,0.0590203881
T000843,0.0647535334
T000844,0.1212242453
T000845,0.0273407483
T000846,0.2529610719
T000847,0.0326922266
T000848,0.0703277013
T000849,0.0448405245
T000850,0.0796214594
T000851,0.0509509906
T000852,0.0213696442
T000853,0.0509120594
T000854,0.0464710355
T000855,0.1828862345
T000856,0.0368160841
T000857,0.0180282604
T000858,0.1435487582
T000859,0.4292230481
T000860,0.0309278129
T000861,0.0331402250
T000862,0.0769685811
T000863,0.0822255718
T000864,0.0312450411
T000865,0.0327068700
T000866,0.1595848439
T000867,0.0268717043
T000868,0.0670937653
T000869,0.1508513766
T000870,0.2172962398
T000871,0.0382025226
T000872,0.0484817543
T000873,0.0578644280
T000874,0.2422694136
T000875,0.0533841565
T000876,0.0707371692
T000877,0.0467555965
T000878,0.0505118241
T000879,0.3714723593
T000880,0.0328039951
T000881,0.0418503252
T000882,0.0379449179
T000883,0.3053265303
T000884,0.1807340383
T000885,0.0513931254
T000886,0.0308364871
T000887,0.0434648337
T000888,0.1234888853
T000889,0.0957318385
T000890,0.0361767059
T000891,0.1431665146
T000892,0.0736861402
T000893,0.0593073753
T000894,0.0316265967
T000895,0.0993564002
T000896,0.0726261548
T000897,0.0511318682
T000898,0.0983241437
T000899,0.0633767021
T000900,0.0422953686
T000901,0.0510710097
T000902,0.0247748309
T000903,0.0310671288
T000904,0.0359219372
T000905,0.1569680139
T000906,0.1828108577
T000907,0.0381528254
T000908,0.0558117800
T000909,0.0479918741
T000910,0.0808042565
T000911,0.0511344710
T000912,0.0222060492
T000913,0.0796277352
T000914,0.0356900177
T000915,0.0596103292
T000916,0.0264057747
T000917,0.0320035366
T000918,0.0316029848
T000919,0.2259401229
T000920,0.1977807230
T000921,0.0703887216
T000922,0.0417542415
T000923,0.0415802682
T000924,0.0605783491
T000925,0.0300549114
T000926,0.0607296851
T000927,0.4538368246
T000928,0.0976888400
T000929,0.0408915680
T000930,0.0437018085
T000931,0.0270288297
T000932,0.2462290020
T000933,0.0374030025
T000934,0.0408476278
T000935,0.1437469574
T000936,0.0298951744
T000937,0.0474740046
T000938,0.0449911038
T000939,0.0266071956
T000940,0.0625514680
T000941,0.0306480783
T000942,0.0853937677
T000943,0.0691146655
T000944,0.4468350785
T000945,0.0453421233
T000946,0.0553894621
T000947,0.1323127783
T000948,0.0296955846
T000949,0.0302228506
T000950,0.0285740510
T000951,0.0362588345
T000952,0.0276587279
T000953,0.0317025191
T000954,0.2792090371
T000955,0.0557638653
T000956,0.0403423575
T000957,0.1093824772
T000958,0.1083083700
T000959,0.0498123521
T000960,0.0244222250
T000961,0.1800910476
T000962,0.0257743133
T000963,0.6052921778
T000964,0.0508714396
T000965,0.0431489887
T000966,0.0707705768
T000967,0.0284912018
T000968,0.0785993503
T000969,0.0517576632
T000970,0.0402345027
T000971,0.0332158411
T000972,0.0447034720
T000973,0.0269750769
T000974,0.1069143488
T000975,0.0939999552
T000976,0.0490348756
T000977,0.1349642675
T000978,0.0299511296
T000979,0.0546692590
T000980,0.0993224514
T000981,0.2569218173
T000982,0.0494233109
T000983,0.0633361171
T000984,0.0293052387
T000985,0.0497848945
T000986,0.0201902512
T000987,0.0799835877
T000988,0.0368238767
T000989,0.0782530916
T000990,0.0312168126
T000991,0.2583560743
T000992,0.0370111134
T000993,0.0296252221
T000994,0.1512354712
T000995,0.0554163224
T000996,0.0405355214
T000997,0.0924315384
T000998,0.0713245966
T000999,0.0392321835
T001000,0.0741959826
T001001,0.0632595722
T001002,0.2364692052
T001003,0.1383526799
T001004,0.0910697568
T001005,0.0316661335
T001006,0.0664498808
T001007,0.0616612414
T001008,0.0317055749
T001009,0.0549528365
T001010,0.0383803506
T001011,0.0482183431
T001012,0.0420390391
T001013,0.0488907743
T001014,0.0423866097
T001015,0.0523883050
T001016,0.2419296781
T001017,0.0432699203
T001018,0.0670608894
T001019,0.0862951799
T001020,0.0622255811
T001021,0.3154699124
T001022,0.0807448030
T001023,0.1260217435
T001024,0.0474847571
T001025,0.0596431906
T001026,0.0409104458
T001027,0.1172879638
T001028,0.3003348188
T001029,0.0578989707
T001030,0.0544932504
T001031,0.0705587813
T001032,0.0305291445
T001033,0.1813230778
T001034,0.1216329910
T001035,0.2106389606
T001036,0.0373884284
T001037,0.0237435245
T001038,0.0207708445
T001039,0.0381240388
T001040,0.0481994448
T001041,0.0473673046
T001042,0.2147233548
T001043,0.3189342637
T001044,0.0853431765
T001045,0.0223834968
T001046,0.0322467794
T001047,0.1008648672
T001048,0.0761338959
T001049,0.0402028261
T001050,0.0648420251
T001051,0.0316551602
T001052,0.0769624208
T001053,0.0519460463
T001054,0.0250331660
T001055,0.0308842678
T001056,0.0300187987
T001057,0.0556541036
T001058,0.0494994428
T001059,0.0291080680
T001060,0.3213108586
T001061,0.1802358368
T001062,0.0556879809
T001063,0.0405219260
T001064,0.1742061431
T001065,0.0977905538
T001066,0.1827588862
T001067,0.0803819472
T001068,0.0522704875
T001069,0.0978172814
T001070,0.3054453816
T001071,0.0595726864
T001072,0.2985589966
T001073,0.0440764691
T001074,0.0196845011
T001075,0.0604345282
T001076,0.2128779574
T001077,0.0775823848
T001078,0.0316018834
T001079,0.2451394463
T001080,0.0385158952
T001081,0.1265750504
T001082,0.0679358504
T001083,0.1026142924
T001084,0.0462441791
T001085,0.0223102553
T001086,0.0656574911
T001087,0.0669256596
T001088,0.0443696326
T001089,0.0656746774
T001090,0.0326249436
T001091,0.0554036075
T001092,0.0828295742
T001093,0.0265498521
T001094,0.0516597151
T001095,0.0262402869
T001096,0.0273428868
T001097,0.0614690598
T001098,0.2339086829
T001099,0.0459981380
T001100,0.0471965273
T001101,0.2937979197
T001102,0.1319155523
T001103,0.0605798196
T001104,0.0257397675
T001105,0.1395928074
T001106,0.0573067716
T001107,0.0289926619
T001108,0.0945161253
T001109,0.0753790577
T001110,0.0321662216
T001111,0.0320643761
T001112,0.0399863795
T001113,0.0947732369
T001114,0.0462971868
T001115,0.0413630439
T001116,0.1981353945
T001117,0.0345725663
T001118,0.0606902929
T001119,0.0251153865
T001120,0.0443366286
T001121,0.0539475401
T001122,0.0326045539
T001123,0.0333052542
T001124,0.0281395972
T001125,0.0715174001
T001126,0.0402290491
T001127,0.1230650912
T001128,0.0415717958
T001129,0.0387428090
T001130,0.0210690386
T001131,0.0539935467
T001132,0.1059031804
T001133,0.0693081326
T001134,0.0416676302
T001135,0.0264520525
T001136,0.1729471577
T001137,0.0472323690
T001138,0.0391321122
T001139,0.1128702757
T001140,0.0454599853
T001141,0.0249015331
T001142,0.0364797674
T001143,0.0791964314
T001144,0.0379252499
T001145,0.0501259049
T001146,0.0432778147
T001147,0.0463801627
T001148,0.5449672058
T001149,0.0612185520
T001150,0.0966384324
T001151,0.0398360156
T001152,0.0328060086
T001153,0.0656525537
T001154,0.0894661329
T001155,0.0304655892
T001156,0.0209353243
T001157,0.0475227152
T001158,0.0672541882
T001159,0.2808161055
T001160,0.0476262529
T001161,0.1171887842
T001162,0.0633782692
T001163,0.0679656690
T001164,0.0440414071
T001165,0.0727760041
T001166,0.0585551398
T001167,0.2303406345
T001168,0.0365952704
T001169,0.1381504548
T001170,0.0413926592
T001171,0.1392237467
T001172,0.1795725566
T001173,0.0649682387
T001174,0.0535688986
T001175,0.0913659788
T001176,0.0905216647
T001177,0.0253631297
T001178,0.0624764050
T001179,0.0417950628
T001180,0.0448329234
T001181,0.0376322395
T001182,0.0642594706
T001183,0.0590576738
T001184,0.0269834097
T001185,0.0616453756
T001186,0.0227950822
T001187,0.0327936814
T001188,0.0406198470
T001189,0.0361116663
T001190,0.0342047395
T001191,0.0608547790
T001192,0.0544330845
T001193,0.5256734647
T001194,0.0501649074
T001195,0.0445495467
T001196,0.0387488489
T001197,0.0323316851
T001198,0.0349602450
T001199,0.1051649603
T001200,0.0326311804
T001201,0.0363864226
T001202,0.0335988473
T001203,0.0446099064
T001204,0.0652386396
T001205,0.0301664967
T001206,0.0373657799
T001207,0.5715634210
T001208,0.0389632548
T001209,0.0367652286
T001210,0.0459709700
T001211,0.0555412683
T001212,0.0692362079
T001213,0.0907745770
T001214,0.0288661961
T001215,0.0716967456
T001216,0.1024603128
T001217,0.3018383679
T001218,0.0570289243
T001219,0.0285077540
T001220,0.0399540733
T001221,0.0550157618
T001222,0.0342241384
T001223,0.1811097554
T001224,0.0215995194
T001225,0.0665852349
T001226,0.0366139218
T001227,0.0243209532
T001228,0.0798673734
T001229,0.0590090781
T001230,0.0970563808
T001231,0.0452475418
T001232,0.0365412077
T001233,0.0768254543
T001234,0.0360345348
T001235,0.1383250383
T001236,0.0504121230
T001237,0.0483622855
T001238,0.0632325198
T001239,0.0155182857
T001240,0.0661598857
T001241,0.1026478758
T001242,0.1573378562
T001243,0.0897625146
T001244,0.1019033438
T001245,0.0331032362
T001246,0.0241663159
T001247,0.0290716506
T001248,0.0768160900
T001249,0.0715971870
T001250,0.0399144448
T001251,0.0519953293
T001252,0.1563376084
T001253,0.0571323870
T001254,0.1121228592
T001255,0.0470890197
T001256,0.1281565991
T001257,0.0333835985
T001258,0.0321755348
T001259,0.0807698361
T001260,0.0297892290
T001261,0.0319226669
T001262,0.1561761242
T001263,0.0414051018
T001264,0.0293798359
T001265,0.0429427568
T001266,0.3162619116
T001267,0.0437711429
T001268,0.0520074673
T001269,0.0828116832
T001270,0.0391147778
T001271,0.1025622315
T001272,0.0343792549
T001273,0.0348146625
T001274,0.0478456160
T001275,0.0304252471
T001276,0.0433456334
T001277,0.1061776762
T001278,0.0583770196
T001279,0.0924225864
T001280,0.0290887050
T001281,0.0320847984
T001282,0.0383144585
T001283,0.0405685427
T001284,0.0460134116
T001285,0.0329790416
T001286,0.0394206192
T001287,0.0522533170
T001288,0.0232143454
T001289,0.1697844339
T001290,0.0322314097
T001291,0.0512462756
T001292,0.0272054898
T001293,0.0601585343
T001294,0.0536388604
T001295,0.0221970957
T001296,0.0614342269
T001297,0.0589687294
T001298,0.0333715273
T001299,0.0415564338
T001300,0.0285427357
T001301,0.0444584870
T001302,0.0538553884
T001303,0.0440156305
T001304,0.0590712679
T001305,0.0273704012
T001306,0.0936882262
T001307,0.0891752994
T001308,0.0868556481
T001309,0.0352669099
T001310,0.0857293408
T001311,0.0342365885
T001312,0.0443125307
T001313,0.0230830604
T001314,0.0356531968
T001315,0.0441300240
T001316,0.1658464540
T001317,0.0507871637
T001318,0.0435416738
T001319,0.0356778856
T001320,0.0493786040
T001321,0.0470844023
T001322,0.1068038200
T001323,0.0346384542
T001324,0.1070790872
T001325,0.0500228662
T001326,0.0590809165
T001327,0.0360355421
T001328,0.0808987525
T001329,0.0287232921
T001330,0.0515682835
T001331,0.0726725838
T001332,0.1076449432
T001333,0.0315745550
T001334,0.0314718025
T001335,0.0447856387
T001336,0.0215319990
T001337,0.0385353459
T001338,0.1024532029
T001339,0.0321201061
T001340,0.0474101791
T001341,0.1070791718
T001342,0.0701954624
T001343,0.0464121054
T001344,0.0484222580
T001345,0.0679129546
T001346,0.0269339766
T001347,0.0318022550
T001348,0.0298331241
T001349,0.0260356445
T001350,0.0427136903
T001351,0.0356613083
T001352,0.1741446554
T001353,0.1847076270
T001354,0.0800025570
T001355,0.0793850125
T001356,0.0447974287
T001357,0.1150965992
T001358,0.0251205216
T001359,0.0328405690
T001360,0.0257396686
T001361,0.0338094598
T001362,0.0236092335
T001363,0.0568234142
T001364,0.0487992048
T001365,0.0329511778
T001366,0.0312194697
T001367,0.0661453130
T001368,0.0442191630
T001369,0.0513026613
T001370,0.0476513342
T001371,0.0642431236
T001372,0.0688892256
T001373,0.0770812839
T001374,0.1671693885
T001375,0.0100018779
T001376,0.3436690377
T001377,0.1846633947
T001378,0.0402913916
T001379,0.0734099517
T001380,0.0237486776
T001381,0.0521751520
T001382,0.0401985007
T001383,0.0782053834
T001384,0.0620191120
T001385,0.0574846953
T001386,0.0419660370
T001387,0.0996173695
T001388,0.0479693801
T001389,0.0718418914
T001390,0.0643981959
T001391,0.0352505526
T001392,0.1326900027
T001393,0.0658494175
T001394,0.1549602013
T001395,0.0749464966
T001396,0.0391865709
T001397,0.0750511221
T001398,0.0660132494
T001399,0.0223184188
T001400,0.0247901977
T001401,0.0336184284
T001402,0.0257943649
T001403,0.0304885188
T001404,0.0363146634
T001405,0.1038710631
T001406,0.1020957246
T001407,0.1049368402
T001408,0.0432162299
T001409,0.0411226716
T001410,0.1062712120
T001411,0.0525022107
T001412,0.0539004585
T001413,0.0223845239
T001414,0.0334213498
T001415,0.1193930322
T001416,0.0529198720
T001417,0.0577756440
T001418,0.0220186827
T001419,0.0476353633
T001420,0.0506069809
T001421,0.1353153171
T001422,0.0866003268
T001423,0.0327630204
T001424,0.0488166176
T001425,0.0911628116
T001426,0.0265881487
T001427,0.0674028627
T001428,0.0400310114
T001429,0.0569257610
T001430,0.0261629921
T001431,0.0547208893
T001432,0.0187498152
T001433,0.0345915952
T001434,0.1876046811
T001435,0.0532415310
T001436,0.2078287091
T001437,0.2565316803
T001438,0.0279813961
T001439,0.0504753241
T001440,0.0385736832
T001441,0.0717254693
T001442,0.1149058910
T001443,0.0535659605
T001444,0.1001734591
T001445,0.0209365977
T001446,0.0223294828
T001447,0.1008188480
T001448,0.0336242232
T001449,0.0280430409
T001450,0.0519613898
T001451,0.2243894390
T001452,0.3017528435
T001453,0.0640112423
T001454,0.3914715408
T001455,0.0446887905
T001456,0.0391411732
T001457,0.0311118395
T001458,0.0479616269
T001459,0.0705771870
T001460,0.0305111624
T001461,0.0546336377
T001462,0.0586586856
T001463,0.0935539262
T001464,0.2918324970
T001465,0.0554962719
T001466,0.0572746681
T001467,0.0602720804
T001468,0.0739793412
T001469,0.0829759285
T001470,0.0612173805
T001471,0.0228738903
T001472,0.1415959175
T001473,0.0322369838
T001474,0.0836353269
T001475,0.0465580408
T001476,0.0273071165
T001477,0.0377509194
T001478,0.0885970573
T001479,0.2344640040
T001480,0.0669109657
T001481,0.0364864087
T001482,0.0770454331
T001483,0.2192517116
T001484,0.0922572552
T001485,0.1041299073
T001486,0.0360725727
T001487,0.2076696502
T001488,0.0353930465
T001489,0.0545623895
T001490,0.1411893488
T001491,0.0347721890
T001492,0.0515151970
T001493,0.0588069719
T001494,0.0322822758
T001495,0.0217748220
T001496,0.0600490385
T001497,0.1128349944
T001498,0.0317071747
T001499,0.0709333971
T001500,0.0272534637
T001501,0.0694373739
T001502,0.1077878265
T001503,0.0525894200
T001504,0.0487810210
T001505,0.0368140908
T001506,0.1285464532
T001507,0.1468827619
T001508,0.0474515789
T001509,0.0238822039
T001510,0.1343201911
T001511,0.0302851715
T001512,0.0191324090
T001513,0.0892627597
T001514,0.0613707077
T001515,0.0478493838
T001516,0.0865908046
T001517,0.0442972522
T001518,0.0539159623
T001519,0.0391711622
T001520,0.1796845742
T001521,0.0412053516
T001522,0.1146129127
T001523,0.0260937702
T001524,0.0425064461
T001525,0.0441240972
T001526,0.0457842708
T001527,0.1236318797
T001528,0.0276786575
T001529,0.0276130170
T001530,0.0468075900
T001531,0.0348742121
T001532,0.0276784715
T001533,0.0529035112
T001534,0.0572068163
T001535,0.1232662358
T001536,0.0529806733
T001537,0.0874846513
T001538,0.0276541041
T001539,0.0273793230
T001540,0.0303106336
T001541,0.1658361268
T001542,0.0397817678
T001543,0.0362372959
T001544,0.0359678534
T001545,0.0730944692
T001546,0.0441619023
T001547,0.0950403258
T001548,0.0441588810
T001549,0.0765112950
T001550,0.0311096073
T001551,0.0638191456
T001552,0.1201651483
T001553,0.1357998796
T001554,0.0409263649
T001555,0.0248071513
T001556,0.1736004525
T001557,0.0417586622
T001558,0.0208345145
T001559,0.0257792078
T001560,0.0675735156
T001561,0.0424250601
T001562,0.0757482668
T001563,0.0549852913
T001564,0.0863638453
T001565,0.0740637412
T001566,0.1499892282
T001567,0.0467975253
T001568,0.0728784233
T001569,0.1590722763
T001570,0.0318617987
T001571,0.3022973320
T001572,0.0879816202
T001573,0.0520074923
T001574,0.0309304422
T001575,0.0803720645
T001576,0.2165918366
T001577,0.0310309989
T001578,0.0419291754
T001579,0.2383733224
T001580,0.0777918910
T001581,0.0309980580
T001582,0.0549852232
T001583,0.1295346494
T001584,0.0982421734
T001585,0.3651163510
T001586,0.0580702673
T001587,0.0331447769
T001588,0.0245753104
T001589,0.0377155680
T001590,0.0624928874
T001591,0.0408114393
T001592,0.0582992600
T001593,0.0433742842
T001594,0.0297982900
T001595,0.0192094189
T001596,0.0395087935
T001597,0.0608514472
T001598,0.0641680578
T001599,0.0258493905
T001600,0.0302745203
T001601,0.0587778931
T001602,0.0408287469
T001603,0.0291499596
T001604,0.0576891280
T001605,0.0583408465
T001606,0.1365923225
T001607,0.1024645680
T001608,0.0443098666
T001609,0.0897288756
T001610,0.0589921887
T001611,0.0297712074
T001612,0.1226295680
T001613,0.0460862033
T001614,0.0417907986
T001615,0.0683165456
T001616,0.0361899738
T001617,0.1087030173
T001618,0.2736396989
T001619,0.0412544118
T001620,0.1719016136
T001621,0.0549663337
T001622,0.1076324757
T001623,0.0269452005
T001624,0.0306299643
T001625,0.0348406951
T001626,0.0509686022
T001627,0.3115629666
T001628,0.0519741376
T001629,0.0820181347
T001630,0.1467185951
T001631,0.5168173606
T001632,0.0238256893
T001633,0.0617620711
T001634,0.0616070346
T001635,0.0330979776
T001636,0.0294035715
T001637,0.0215589619
T001638,0.1456901387
T001639,0.0460980609
T001640,0.1746769621
T001641,0.0427079346
T001642,0.0658444913
T001643,0.0343671979
T001644,0.0284959937
T001645,0.0425794492
T001646,0.0644311010
T001647,0.0371303610
T001648,0.0925952833
T001649,0.0647460577
T001650,0.0406583670
T001651,0.2620376210
T001652,0.1281890569
T001653,0.2104264755
T001654,0.0395844583
T001655,0.0420176499
T001656,0.0806928043
T001657,0.0246033350
T001658,0.1136097408
T001659,0.0478109061
T001660,0.0331994568
T001661,0.0299465639
T001662,0.2499407868
T001663,0.0317025718
T001664,0.0491880085
T001665,0.0843778176
T001666,0.0338085651
T001667,0.0347659894
T001668,0.0227634384
T001669,0.1132466949
T001670,0.0526088977
T001671,0.0737584236
T001672,0.0474454263
T001673,0.0206914177
T001674,0.0639134820
T001675,0.0422605199
T001676,0.2477536286
T001677,0.0210705334
T001678,0.1094882747
T001679,0.0373439452
T001680,0.0341409430
T001681,0.0364472224
T001682,0.0648846439
T001683,0.0326784192
T001684,0.0265209886
T001685,0.0295073189
T001686,0.0405328071
T001687,0.0475907461
T001688,0.0599011033
T001689,0.1756873852
T001690,0.0425525808
T001691,0.0345255062
T001692,0.0526550306
T001693,0.0439653712
T001694,0.2489918110
T001695,0.0454236223
T001696,0.0338246901
T001697,0.3371873360
T001698,0.1689934436
T001699,0.0663503875
T001700,0.0672736126
T001701,0.0298065395
T001702,0.0390870886
T001703,0.0406669010
T001704,0.0256277175
T001705,0.1385964294
T001706,0.2240601649
T001707,0.0427060352
T001708,0.0747231007
T001709,0.0719252284
T001710,0.0413526422
T001711,0.2268229859
T001712,0.1764183657
T001713,0.1203873980
T001714,0.0210932976
T001715,0.1330472858
T001716,0.0544036535
T001717,0.0373229528
T001718,0.0287140890
T001719,0.2291583666
T001720,0.1285270685
T001721,0.0331006571
T001722,0.0863996951
T001723,0.0322361968
T001724,0.0473103866
T001725,0.0784064995
T001726,0.0293222931
T001727,0.0309123144
T001728,0.0308801172
T001729,0.0680984552
T001730,0.0534070970
T001731,0.0244040717
T001732,0.0396210199
T001733,0.0414491021
T001734,0.0346489518
T001735,0.0191307967
T001736,0.0460614878
T001737,0.2645370442
T001738,0.0468678588
T001739,0.0338998332
T001740,0.0778155014
T001741,0.0498854744
T001742,0.0430900138
T001743,0.0547993552
T001744,0.0381409009
T001745,0.0327958354
T001746,0.0377764625
T001747,0.0463745654
T001748,0.1120588450
T001749,0.0617793370
T001750,0.0735683640
T001751,0.0568253942
T001752,0.0739729469
T001753,0.0396893777
T001754,0.0329555453
T001755,0.0637365396
T001756,0.4680359629
T001757,0.3262642344
T001758,0.0646851054
T001759,0.0709792601
T001760,0.0371199570
T001761,0.0319712400
T001762,0.0971809218
T001763,0.0302762432
T001764,0.0390332643
T001765,0.1415596954
T001766,0.0615304155
T001767,0.0243625417
T001768,0.1027424185
T001769,0.0331136211
T001770,0.0284444239
T001771,0.0234217012
T001772,0.0434416661
T001773,0.2138773257
T001774,0.0679398984
T001775,0.0902195125
T001776,0.0655454383
T001777,0.0332392784
T001778,0.0303363500
T001779,0.0410601756
T001780,0.0569833226
T001781,0.0490493132
T001782,0.0511628473
T001783,0.0550121605
T001784,0.0550140891
T001785,0.4333838567
T001786,0.0310495601
T001787,0.0837456255
T001788,0.0441256777
T001789,0.0671871713
T001790,0.3831362278
T001791,0.0208312063
T001792,0.0356375476
T001793,0.0304175374
T001794,0.0398006107
T001795,0.0293252029
T001796,0.0716176369
T001797,0.0668159508
T001798,0.0418256976
T001799,0.0445751669
T001800,0.1931945243
T001801,0.0303367160
T001802,0.0261224327
T001803,0.0552033970
T001804,0.1189910735
T001805,0.0527141934
T001806,0.0486199995
T001807,0.0450836295
T001808,0.1310967972
T001809,0.2572045791
T001810,0.0474266762
T001811,0.0304340163
T001812,0.0649917212
T001813,0.0380870482
T001814,0.0362347942
T001815,0.2087250753
T001816,0.0355028014
T001817,0.0617736306
T001818,0.1612010797
T001819,0.0376975356
T001820,0.0387277695
T001821,0.0325414852
T001822,0.2519239243
T001823,0.0474061805
T001824,0.0709271557
T001825,0.0228514382
T001826,0.0589146422
T001827,0.2460327271
T001828,0.0317603233
T001829,0.0325046258
T001830,0.3948637178
T001831,0.0490010449
T001832,0.0229022259
T001833,0.0413920196
T001834,0.2879230113
T001835,0.1554055764
T001836,0.0987240514
T001837,0.0190953078
T001838,0.0295751703
T001839,0.0491386433
T001840,0.0443795581
T001841,0.0500409128
T001842,0.0213552442
T001843,0.0338627495
T001844,0.0478073717
T001845,0.0433231372
T001846,0.0386059407
T001847,0.1719354473
T001848,0.0293763911
T001849,0.0296538409
T001850,0.0488988000
T001851,0.0520925788
T001852,0.1050172246
T001853,0.0918966133
T001854,0.0567758375
T001855,0.0395748031
T001856,0.1367569670
T001857,0.0320310378
T001858,0.0277368536
T001859,0.0358097141
T001860,0.0339308592
T001861,0.0630866947
T001862,0.0314771751
T001863,0.1463088889
T001864,0.0975174697
T001865,0.0678442418
T001866,0.0357528059
T001867,0.0554536899
T001868,0.0558247171
T001869,0.0284612184
T001870,0.0239079039
T001871,0.0552354294
T001872,0.0317833570
T001873,0.0664772000
T001874,0.0445422804
T001875,0.0503475954
T001876,0.0938116811
T001877,0.0753499143
T001878,0.0771496897
T001879,0.0363753826
T001880,0.0436024083
T001881,0.0677448326
T001882,0.2311105118
T001883,0.0940656030
T001884,0.0885933745
T001885,0.1139553822
T001886,0.0451441232
T001887,0.0319220639
T001888,0.0479097834
T001889,0.0540519866
T001890,0.2468430925
T001891,0.1650123713
T001892,0.0345820601
T001893,0.2723972258
T001894,0.0241694671
T001895,0.0230630038
T001896,0.0436249635
T001897,0.0512981147
T001898,0.0414753454
T001899,0.0523642283
T001900,0.0215094913
T001901,0.0259459173
T001902,0.0316628165
T001903,0.0521356395
T001904,0.1058805270
T001905,0.0453454581
T001906,0.0681111789
T001907,0.0295871876
T001908,0.1690120727
T001909,0.0577572687
T001910,0.1148121722
T001911,0.5726708110
T001912,0.0529427355
T001913,0.0370387428
T001914,0.0360097691
T001915,0.0381123005
T001916,0.0309936095
T001917,0.0593691889
T001918,0.0198153769
T001919,0.0449348432
T001920,0.0462768672
T001921,0.0201124007
T001922,0.0301120487
T001923,0.0508864678
T001924,0.0397888402
T001925,0.2399664559
T001926,0.0528573756
T001927,0.0628409828
T001928,0.0588209616
T001929,0.0851369823
T001930,0.0404939801
T001931,0.0390193412
T001932,0.0478764201
T001933,0.0400207625
T001934,0.0660694371
T001935,0.0345115915
T001936,0.3522027972
T001937,0.0293998187
T001938,0.0283802094
T001939,0.0623655442
T001940,0.0269886982
T001941,0.0550011225
T001942,0.2286993579
T001943,0.0270844744
T001944,0.0735762908
T001945,0.0741077079
T001946,0.0433408888
T001947,0.0406366673
T001948,0.0197230528
T001949,0.0649898118
T001950,0.0207098561
T001951,0.0312025322
T001952,0.2305408377
T001953,0.0424221295
T001954,0.0327978524
T001955,0.1517158185
T001956,0.0284921738
T001957,0.0675921249
T001958,0.0444615354
T001959,0.0693809340
T001960,0.0672493780
T001961,0.2671274748
T001962,0.0726986082
T001963,0.0653037731
T001964,0.0208299270
T001965,0.0689114662
T001966,0.0371951585
T001967,0.1072809520
T001968,0.0406302931
T001969,0.0454794676
T001970,0.2330034828
T001971,0.1263606844
T001972,0.0451451664
T001973,0.0470135712
T001974,0.0451023374
T001975,0.0720257256
T001976,0.0972856970
T001977,0.0369522439
T001978,0.0258107510
T001979,0.0381112591
T001980,0.0587590609
T001981,0.0481527798
T001982,0.0634445622
T001983,0.1447808810
T001984,0.0518212764
T001985,0.0490968922
T001986,0.1117369215
T001987,0.0376050349
T001988,0.0743681485
T001989,0.0674159908
T001990,0.0474724751
T001991,0.4115370698
T001992,0.0359307592
T001993,0.0325936452
T001994,0.1082046164
T001995,0.0323708622
T001996,0.0458491966
T001997,0.0831816119
T001998,0.1494699496
T001999,0.0562044052
T002000,0.0793032185
T002001,0.1291309025
T002002,0.0247258913
T002003,0.0273927347
T002004,0.2854930127
T002005,0.0520409368
T002006,0.0768725905
T002007,0.0721158025
T002008,0.1966253882
T002009,0.1717891113
T002010,0.0381028856
T002011,0.0517428377
T002012,0.1041517047
T002013,0.0990857241
T002014,0.0607683468
T002015,0.0423535797
T002016,0.3673118236
T002017,0.0698647237
T002018,0.0256096587
T002019,0.0455085786
T002020,0.4083398287
T002021,0.0225343040
T002022,0.0336166010
T002023,0.0249781715
T002024,0.0358215913
T002025,0.0372045479
T002026,0.0756596752
T002027,0.0594440770
T002028,0.1666137076
T002029,0.0361287845
T002030,0.0492371598
T002031,0.0377577415
T002032,0.0805822125
T002033,0.0312738915
T002034,0.0418888104
T002035,0.0752171933
T002036,0.0331786026
T002037,0.1936935296
T002038,0.0468827900
T002039,0.0215855842
T002040,0.0476226438
T002041,0.0423246901
T002042,0.1242363197
T002043,0.0575471667
T002044,0.0319292437
T002045,0.0487451221
T002046,0.0271880823
T002047,0.0257436786
T002048,0.0517393234
T002049,0.0510791136
T002050,0.0184082233
T002051,0.1756018920
T002052,0.0263626369
T002053,0.0403073372
T002054,0.0339821972
T002055,0.1114106756
T002056,0.1524331978
T002057,0.0681809073
T002058,0.0460007656
T002059,0.0847431191
T002060,0.0360722454
T002061,0.0584767722
T002062,0.0907357497
T002063,0.0268808364
T002064,0.0476081048
T002065,0.0355073708
T002066,0.0457551961
T002067,0.0239947910
T002068,0.2865272229
T002069,0.0427859188
T002070,0.1879396651
T002071,0.0309496773
T002072,0.2071026344
T002073,0.0374895658
T002074,0.0350072376
T002075,0.0397568955
T002076,0.0560042424
T002077,0.0340327628
T002078,0.0261449515
T002079,0.0477254580
T002080,0.0197843002
T002081,0.0307504701
T002082,0.0775846218
T002083,0.0853066370
T002084,0.0583284800
T002085,0.1251096208
T002086,0.0136446105
T002087,0.1477936919
T002088,0.0836804760
T002089,0.0716217889
T002090,0.0646771884
T002091,0.0333728824
T002092,0.0829682383
T002093,0.0570055992
T002094,0.0572761223
T002095,0.0411764641
T002096,0.0257510367
T002097,0.0595163355
T002098,0.0759338854
T002099,0.2105376526
T002100,0.0386928835
T002101,0.0768296872
T002102,0.0292529741
T002103,0.4526555503
T002104,0.0349445221
T002105,0.0971792744
T002106,0.0886954030
T002107,0.1290058401
T002108,0.0361103157
T002109,0.0423611735
T002110,0.0450952447
T002111,0.1429657892
T002112,0.0251796835
T002113,0.0676840720
T002114,0.0337340598
T002115,0.3492190296
T002116,0.0470411316
T002117,0.3902039695
T002118,0.0378553398
T002119,0.2083603671
T002120,0.0287519692
T002121,0.0663236742
T002122,0.0321871307
T002123,0.1864003760
T002124,0.0435629990
T002125,0.0580687496
T002126,0.2259386961
T002127,0.1220290360
T002128,0.0389416368
T002129,0.0453416567
T002130,0.0389172404
T002131,0.1789548485
T002132,0.0331317944
T002133,0.0348523515
T002134,0.0791537140
T002135,0.0261633785
T002136,0.0818711421
T002137,0.0540778023
T002138,0.1629482370
T002139,0.0261655795
T002140,0.0395666793
T002141,0.0301663375
T002142,0.0265790690
T002143,0.0491953523
T002144,0.1808972722
T002145,0.0983290474
T002146,0.0364226392
T002147,0.0535531269
T002148,0.0382156422
T002149,0.0558316872
T002150,0.0726496049
T002151,0.0251808064
T002152,0.0548513212
T002153,0.3042593641
T002154,0.0953779260
T002155,0.0498565409
T002156,0.0299070654
T002157,0.1597597386
T002158,0.0703822256
T002159,0.0405053145
T002160,0.0271820890
T002161,0.2170087113
T002162,0.0311996116
T002163,0.0485064753
T002164,0.0680590794
T002165,0.0243084415
T002166,0.0562201337
T002167,0.0269685551
T002168,0.1129678909
T002169,0.0343967251
T002170,0.0438135488
T002171,0.0279435568
T002172,0.1073516556
T002173,0.0267142625
T002174,0.0641057827
T002175,0.0311076333
T002176,0.0697773481
T002177,0.0379594064
T002178,0.0443498519
T002179,0.0776416716
T002180,0.1328756888
T002181,0.0872513285
T002182,0.1190171436
T002183,0.0251428458
T002184,0.0661589297
T002185,0.0682311421
T002186,0.1220797733
T002187,0.0701561099
T002188,0.0277448944
T002189,0.0582406701
T002190,0.0306461180
T002191,0.0376624551
T002192,0.0464857671
T002193,0.0795182401
T002194,0.0599849031
T002195,0.0899401810
T002196,0.0529734665
T002197,0.0424830328
T002198,0.0767255237
T002199,0.0312119373
T002200,0.2804120894
T002201,0.0767320909
T002202,0.0923068887
T002203,0.0971436254
T002204,0.0915008844
T002205,0.0171994225
T002206,0.0803118334
T002207,0.1119075216
T002208,0.0604702784
T002209,0.1132672631
T002210,0.0165071575
T002211,0.3700031767
T002212,0.0494504563
T002213,0.0314154796
T002214,0.0487959401
T002215,0.0672653280
T002216,0.0411222296
T002217,0.0262265587
T002218,0.0433999089
T002219,0.0526014266
T002220,0.0651077888
T002221,0.1493631201
T002222,0.2039620089
T002223,0.1121639330
T002224,0.0320078719
T002225,0.0256053548
T002226,0.0437185238
T002227,0.0230390301
T002228,0.0202888652
T002229,0.0578081692
T002230,0.2537369861
T002231,0.0631402292
T002232,0.1726421842
T002233,0.1415202475
T002234,0.0378390829
T002235,0.0312909927
T002236,0.1544095103
T002237,0.0445330224
T002238,0.0406155770
T002239,0.0294222976
T002240,0.0891438171
T002241,0.0916273018
T002242,0.0702406036
T002243,0.0913054370
T002244,0.0360149313
T002245,0.0250875832
T002246,0.2884239509
T002247,0.0768487386
T002248,0.2245691918
T002249,0.1092935485
T002250,0.0366293017
T002251,0.0332380119
T002252,0.0709646323
T002253,0.0358284399
T002254,0.0535539728
T002255,0.0558753976
T002256,0.4056874980
T002257,0.0285804678
T002258,0.0238714103
T002259,0.0343715426
T002260,0.0748518903
T002261,0.0710307320
T002262,0.0520271015
T002263,0.0262270261
T002264,0.0748676716
T002265,0.0615736000
T002266,0.1564538470
T002267,0.0505042000
T002268,0.0209754074
T002269,0.0873182209
T002270,0.1398276406
T002271,0.0570431409
T002272,0.0242380653
T002273,0.0518778384
T002274,0.0621868335
T002275,0.0405299902
T002276,0.2062658916
T002277,0.0709346718
T002278,0.0172685089
T002279,0.0788774053
T002280,0.0747717811
T002281,0.0808915864
T002282,0.0305441967
T002283,0.1366713112
T002284,0.0408286840
T002285,0.2484100058
T002286,0.0326626966
T002287,0.1193646118
T002288,0.0806293280
T002289,0.0344875656
T002290,0.1197625065
T002291,0.2623306437
T002292,0.0348643694
T002293,0.0427984584
T002294,0.0253889228
T002295,0.0373203145
T002296,0.0345539804
T002297,0.0491372048
T002298,0.0454756278
T002299,0.1011706661
T002300,0.0537855974
T002301,0.1125654303
T002302,0.2183645126
T002303,0.0865169803
T002304,0.0238921841
T002305,0.0633899588
T002306,0.0601747975
T002307,0.3287469659
T002308,0.0600733680
T002309,0.0778263269
T002310,0.0265834032
T002311,0.0657102812
T002312,0.2139034807
T002313,0.0678987235
T002314,0.0549940459
T002315,0.0417655003
T002316,0.2346316194
T002317,0.0375272426
T002318,0.0525983399
T002319,0.3004434196
T002320,0.0784988486
T002321,0.0237375304
T002322,0.0989211164
T002323,0.0466018880
T002324,0.0268567417
T002325,0.0869036455
T002326,0.0446337779
T002327,0.0849896054
T002328,0.0285006960
T002329,0.0439355123
T002330,0.0606443199
T002331,0.5018141451
T002332,0.0808814673
T002333,0.0298324864
T002334,0.0451322470
T002335,0.0995553552
T002336,0.0273368244
T002337,0.0272558128
T002338,0.0299282903
T002339,0.2582296429
T002340,0.0320337802
T002341,0.0754762637
T002342,0.0221424819
T002343,0.0507703593
T002344,0.0361640378
T002345,0.0263370324
T002346,0.0689977975
T002347,0.2107122477
T002348,0.0565806230
T002349,0.0376725289
T002350,0.0445264779
T002351,0.1150124105
T002352,0.0362123684
T002353,0.0412222379
T002354,0.0367696248
T002355,0.0497296911
T002356,0.0399208880
T002357,0.0265398577
T002358,0.0358419706
T002359,0.0329871645
T002360,0.0836811166
T002361,0.1389861297
T002362,0.0313133098
T002363,0.0549297543
T002364,0.0815830115
T002365,0.0462863991
T002366,0.0331056923
T002367,0.0934012479
T002368,0.0161248349
T002369,0.0319755796
T002370,0.0411004409
T002371,0.0319584797
T002372,0.2156900069
T002373,0.0304185117
T002374,0.2275513379
T002375,0.0631952943
T002376,0.0556806278
T002377,0.0815054277
T002378,0.2758920609
T002379,0.0446228110
T002380,0.0338726849
T002381,0.0477553653
T002382,0.0289613412
T002383,0.0315183813
T002384,0.2966537762
T002385,0.0489681147
T002386,0.0173433150
T002387,0.0491889187
T002388,0.0435979048
T002389,0.0406104403
T002390,0.0382772817
T002391,0.1691637558
T002392,0.0278176053
T002393,0.0447006533
T002394,0.1591574194
T002395,0.0533120665
T002396,0.0214699825
T002397,0.0905235417
T002398,0.0319775798
T002399,0.0856948850
T002400,0.0236439717
T002401,0.0262322711
T002402,0.1435529659
T002403,0.0364566296
T002404,0.0379755964
T002405,0.0493384274
T002406,0.0592591876
T002407,0.0674721696
T002408,0.0482901130
T002409,0.0292278492
T002410,0.0230736156
T002411,0.0539051618
T002412,0.0380393402
T002413,0.0255617427
T002414,0.0545969030
T002415,0.0418426832
T002416,0.2828339585
T002417,0.0202137059
T002418,0.0199644198
T002419,0.0441314058
T002420,0.0226210207
T002421,0.0201399364
T002422,0.0911920453
T002423,0.0360720374
T002424,0.0469682216
T002425,0.0406781893
T002426,0.0536136852
T002427,0.0420664873
T002428,0.0257630371
T002429,0.0851429243
T002430,0.0929676863
T002431,0.0312463201
T002432,0.0316030519
T002433,0.1218025290
T002434,0.1527321210
T002435,0.0250105804
T002436,0.0533618028
T002437,0.0215162160
T002438,0.0455551307
T002439,0.0371190318
T002440,0.2920083648
T002441,0.0527287219
T002442,0.2965173452
T002443,0.0803501898
T002444,0.0866748577
T002445,0.0895271136
T002446,0.0409328853
T002447,0.0750102693
T002448,0.2300758293
T002449,0.0444149311
T002450,0.0631639251
T002451,0.1527238907
T002452,0.0332316395
T002453,0.0939199113
T002454,0.1534427032
T002455,0.0355876013
T002456,0.0412045287
T002457,0.0300022952
T002458,0.0512501173
T002459,0.0545081724
T002460,0.0419764644
T002461,0.0866184385
T002462,0.0778207629
T002463,0.0625983224
T002464,0.1436084748
T002465,0.0647500025
T002466,0.2165663403
T002467,0.0381893335
T002468,0.0379345086
T002469,0.0257857617
T002470,0.0323541363
T002471,0.0450924707
T002472,0.0959136549
T002473,0.1295899467
T002474,0.0675782977
T002475,0.1096731798
T002476,0.2958530141
T002477,0.0625854635
T002478,0.0265501302
T002479,0.0385645274
T002480,0.0421935653
T002481,0.0308308781
T002482,0.0518643621
T002483,0.0262109669
T002484,0.0534197508
T002485,0.0248433672
T002486,0.0292924062
T002487,0.0838476449
T002488,0.1246982767
T002489,0.0302194449
T002490,0.0240010799
T002491,0.0783634482
T002492,0.0531230100
T002493,0.0230610766
T002494,0.0367664153
T002495,0.0583203120
T002496,0.0460832593
T002497,0.0552817502
T002498,0.0936862468
T002499,0.0297101279
T002500,0.1653603709
T002501,0.0345911572
T002502,0.0741908881
T002503,0.0181458671
T002504,0.3253923369
T002505,0.0271804250
T002506,0.0337609814
T002507,0.2725609338
T002508,0.0327411242
T002509,0.0780654192
T002510,0.0491665579
T002511,0.0795367798
T002512,0.0219232571
T002513,0.0739848635
T002514,0.0331821669
T002515,0.0281344149
T002516,0.0297871501
T002517,0.0681105167
T002518,0.0284566853
T002519,0.0431014214
T002520,0.1138322699
T002521,0.2034703814
T002522,0.0495666615
T002523,0.0391006855
T002524,0.1615221653
T002525,0.0292359875
T002526,0.0581697315
T002527,0.0504265473
T002528,0.0399903424
T002529,0.0363372492
T002530,0.1612028953
T002531,0.1442091716
T002532,0.0715334991
T002533,0.1879810859
T002534,0.0333448388
T002535,0.1888947892
T002536,0.0656553598
T002537,0.0644229461
T002538,0.0499342320
T002539,0.0231778468
T002540,0.0632503428
T002541,0.0354923375
T002542,0.0350748295
T002543,0.0606318802
T002544,0.0355996943
T002545,0.0400647735
T002546,0.0685343793
T002547,0.0698155711
T002548,0.2160368251
T002549,0.0421210281
T002550,0.0397141688
T002551,0.0875805469
T002552,0.0482321773
T002553,0.0259277924
T002554,0.0914983290
T002555,0.3164826244
T002556,0.0487183504
T002557,0.1540288106
T002558,0.0455193579
T002559,0.0317002284
T002560,0.0887466544
T002561,0.2495038634
T002562,0.1650500709
T002563,0.0984919447
T002564,0.0563260783
T002565,0.0419222615
T002566,0.0314225974
T002567,0.0398405937
T002568,0.0604420608
T002569,0.1568132358
T002570,0.1386476078
T002571,0.0565976692
T002572,0.0414953817
T002573,0.0411632940
T002574,0.0308203754
T002575,0.0269174096
T002576,0.0598809720
T002577,0.0583077646
T002578,0.0733043394
T002579,0.0294956238
T002580,0.0296547686
T002581,0.2391159208
T002582,0.0588572806
T002583,0.0670776829
T002584,0.0975689983
T002585,0.0640993379
T002586,0.0447883542
T002587,0.0477558440
T002588,0.0190181995
T002589,0.1352117039
T002590,0.0887287756
T002591,0.0730895738
T002592,0.0214168194
T002593,0.0304851254
T002594,0.0343330995
T002595,0.0419730599
T002596,0.0954674219
T002597,0.0539233609
T002598,0.0275445920
T002599,0.0744885338
T002600,0.0277472162
T002601,0.0364031878
T002602,0.0267316838
T002603,0.0337806311
T002604,0.0463855077
T002605,0.0370471791
T002606,0.0504035517
T002607,0.0742290332
T002608,0.0345303007
T002609,0.0940958973
T002610,0.0342658411
T002611,0.0329554423
T002612,0.2556319353
T002613,0.0302054684
T002614,0.0516174415
T002615,0.0424457642
T002616,0.0553940204
T002617,0.1299600834
T002618,0.2067667642
T002619,0.1119276506
T002620,0.0453800627
T002621,0.0248584486
T002622,0.0385680883
T002623,0.0378762432
T002624,0.0305432589
T002625,0.0980521823
T002626,0.0541659935
T002627,0.0390100615
T002628,0.0253199676
T002629,0.0809002295
T002630,0.0704186731
T002631,0.0285423604
T002632,0.0296100990
T002633,0.0402510953
T002634,0.0177122079
T002635,0.0337487519
T002636,0.2997485660
T002637,0.0653956544
T002638,0.0616398622
T002639,0.1799928909
T002640,0.1718508795
T002641,0.2686183558
T002642,0.0475672391
T002643,0.0294209523
T002644,0.3333361297
T002645,0.0250432301
T002646,0.0352914484
T002647,0.0243970076
T002648,0.1611816884
T002649,0.0261255824
T002650,0.0347798840
T002651,0.0730946619
T002652,0.0561490611
T002653,0.0589482313
T002654,0.0414077256
T002655,0.0382058085
T002656,0.1283875330
T002657,0.0221083284
T002658,0.0572958170
T002659,0.0482240231
T002660,0.0699531361
T002661,0.0993623388
T002662,0.0398957618
T002663,0.0280074420
T002664,0.0524703927
T002665,0.0402272219
T002666,0.0410791742
T002667,0.0442658300
T002668,0.0858105106
T002669,0.0171522277
T002670,0.0406075876
T002671,0.1188500761
T002672,0.0362562946
T002673,0.1728627000
T002674,0.0305158096
T002675,0.0586638495
T002676,0.1859476623
T002677,0.0574602132
T002678,0.1007101229
T002679,0.0269682298
T002680,0.0383693035
T002681,0.0861004258
T002682,0.0442512879
T002683,0.0467485635
T002684,0.0272231965
T002685,0.1576577249
T002686,0.0609428619
T002687,0.0284850812
T002688,0.0577906677
T002689,0.0323512520
T002690,0.0600294862
T002691,0.0472410161
T002692,0.0438479324
T002693,0.0877622142
T002694,0.0525777557
T002695,0.0223537472
T002696,0.0558084570
T002697,0.0183887341
T002698,0.3093262335
T002699,0.0344618906
T002700,0.2996341888
T002701,0.1525632580
T002702,0.0295441586
T002703,0.5344612034
T002704,0.0881262552
T002705,0.0691915473
T002706,0.0220408486
T002707,0.0265218632
T002708,0.0414891459
T002709,0.0855335392
T002710,0.1075918493
T002711,0.0975471565
T002712,0.0807807457
T002713,0.0210642590
T002714,0.0304030511
T002715,0.1759160836
T002716,0.0176393852
T002717,0.0291313894
T002718,0.0205592654
T002719,0.0467113035
T002720,0.0381069891
T002721,0.0360449862
T002722,0.0413941985
T002723,0.0238385896
T002724,0.0342320259
T002725,0.0692936608
T002726,0.1704204432
T002727,0.0239092035
T002728,0.0210265415
T002729,0.0795283831
T002730,0.6162413799
T002731,0.0537776589
T002732,0.2648479371
T002733,0.2664689510
T002734,0.0239297785
T002735,0.0189257347
T002736,0.0449383341
T002737,0.0302237246
T002738,0.0347314623
T002739,0.0223895848
T002740,0.0444956575
T002741,0.0442301709
T002742,0.0290258970
T002743,0.0638751134
T002744,0.0510411211
T002745,0.0361352052
T002746,0.0538632020
T002747,0.1395549177
T002748,0.0284051761
T002749,0.0471815902
T002750,0.0370172614
T002751,0.0671015566
T002752,0.0221274816
T002753,0.0579861005
T002754,0.0282342875
T002755,0.0365783237
T002756,0.0688292959
T002757,0.1087088929
T002758,0.0266301830
T002759,0.1934173868
T002760,0.0645256845
T002761,0.0655409848
T002762,0.0488307138
T002763,0.0979834992
T002764,0.0381975550
T002765,0.0453605031
T002766,0.0486051808
T002767,0.0881317044
T002768,0.0246996342
T002769,0.0370887264
T002770,0.3475629660
T002771,0.2337639887
T002772,0.0742881306
T002773,0.3151645238
T002774,0.0509259027
T002775,0.0200539203
T002776,0.0817423783
T002777,0.0499149787
T002778,0.0412144540
T002779,0.2590278289
T002780,0.0398728094
T002781,0.1019425408
T002782,0.0474022678
T002783,0.0908733492
T002784,0.0232435723
T002785,0.0372041474
T002786,0.1354924558
T002787,0.0324830132
T002788,0.0655979932
T002789,0.0282000433
T002790,0.0328834200
T002791,0.0308240807
T002792,0.3614898224
T002793,0.0599183640
T002794,0.0353107003
T002795,0.0276665559
T002796,0.0458959626
T002797,0.0349068025
T002798,0.0695458903
T002799,0.0353666428
T002800,0.0400188667
T002801,0.1927527975
T002802,0.0375442194
T002803,0.0369110586
T002804,0.0467821471
T002805,0.0438151663
T002806,0.0686771501
T002807,0.0359404524
T002808,0.0521627126
T002809,0.0302452838
T002810,0.0405389042
T002811,0.0417702657
T002812,0.0591461163
T002813,0.0356779404
T002814,0.2315479788
T002815,0.0347926570
T002816,0.0267165896
T002817,0.1587945973
T002818,0.0418989054
T002819,0.0693119876
T002820,0.0505941570
T002821,0.1232843906
T002822,0.0686919948
T002823,0.0689975556
T002824,0.0636068397
T002825,0.0493134378
T002826,0.1502065984
T002827,0.1096486278
T002828,0.0271280809
T002829,0.2165120286
T002830,0.0392325526
T002831,0.2730465167
T002832,0.0362790999
T002833,0.0781154554
T002834,0.3227262183
T002835,0.0626750376
T002836,0.0179564907
T002837,0.0364014223
T002838,0.0322111998
T002839,0.0664967836
T002840,0.0451609768
T002841,0.0380663102
T002842,0.0490339982
T002843,0.0290857155
T002844,0.0432570325
T002845,0.2833561088
T002846,0.0330623707
T002847,0.0568289044
T002848,0.0596568770
T002849,0.0343905822
T002850,0.0682823374
T002851,0.0490841217
T002852,0.0563260155
T002853,0.0310294472
T002854,0.0580228536
T002855,0.0738230962
T002856,0.0359617741
T002857,0.0725490051
T002858,0.2754740362
T002859,0.0307752525
T002860,0.0272733553
T002861,0.0453533859
T002862,0.0457495801
T002863,0.0248870399
T002864,0.4409950260
T002865,0.2822299045
T002866,0.0687799207
T002867,0.0714782263
T002868,0.0235978163
T002869,0.0972972792
T002870,0.0566452662
T002871,0.1610103874
T002872,0.0832215874
T002873,0.0349013622
T002874,0.0554645148
T002875,0.0668593134
T002876,0.1127022456
T002877,0.0387180927
T002878,0.1366048790
T002879,0.0490771128
T002880,0.1241619619
T002881,0.0369172337
T002882,0.1488663948
T002883,0.0338148531
T002884,0.0553026050
T002885,0.0230879358
T002886,0.0491559586
T002887,0.0762344829
T002888,0.0436585224
T002889,0.0830819994
T002890,0.1299303048
T002891,0.0537947523
T002892,0.0539546946
T002893,0.0287778346
T002894,0.0348840436
T002895,0.1060075805
T002896,0.0344809832
T002897,0.0438520086
T002898,0.0288161007
T002899,0.0518283686
T002900,0.0622836105
T002901,0.2744260454
T002902,0.1362918244
T002903,0.0383972711
T002904,0.0477866105
T002905,0.0691794462
T002906,0.0367446866
T002907,0.0851718905
T002908,0.0311501049
T002909,0.0329212116
T002910,0.0319232798
T002911,0.0431393035
T002912,0.0529346177
T002913,0.3795841392
T002914,0.0211088596
T002915,0.4429386573
T002916,0.0344915673
T002917,0.2405261145
T002918,0.0864570897
T002919,0.0500546924
T002920,0.0451228138
T002921,0.1482151233
T002922,0.0504789114
T002923,0.0436020732
T002924,0.0705256058
T002925,0.1251772113
T002926,0.0247650988
T002927,0.1197301521
T002928,0.0812996869
T002929,0.2708785120
T002930,0.0564724699
T002931,0.0532066694
T002932,0.1208251319
T002933,0.0834638690
T002934,0.0807780947
T002935,0.0765565529
T002936,0.0436352870
T002937,0.0177468767
T002938,0.0384151025
T002939,0.0414831346
T002940,0.0462090701
T002941,0.0585803597
T002942,0.2018825953
T002943,0.0540191776
T002944,0.0663288476
T002945,0.0394646149
T002946,0.0755577408
T002947,0.0456879845
T002948,0.0586827690
T002949,0.0535427790
T002950,0.0658027948
T002951,0.0365713566
T002952,0.0373680334
T002953,0.0241826191
T002954,0.0679201558
T002955,0.0432446975
T002956,0.0282239251
T002957,0.0866282550
T002958,0.0781868883
T002959,0.0487036421
T002960,0.0391026393
T002961,0.0801384199
T002962,0.0246595800
T002963,0.0374486953
T002964,0.0413131813
T002965,0.0248682227
T002966,0.2773807790
T002967,0.0559329776
T002968,0.0536532282
T002969,0.1070356266
T002970,0.1959034323
T002971,0.0707659982
T002972,0.0334191337
T002973,0.0383923300
T002974,0.0506865378
T002975,0.0361802809
T002976,0.0307927512
T002977,0.0342421984
T002978,0.0392398263
T002979,0.0883911328
T002980,0.0317294780
T002981,0.0423101083
T002982,0.1094550566
T002983,0.0257563165
T002984,0.0525539958
T002985,0.1215280610
T002986,0.0782322370
T002987,0.0855926350
T002988,0.0271918837
T002989,0.0416228034
T002990,0.0226487818
T002991,0.1060123721
T002992,0.0403643071
T002993,0.0308185362
T002994,0.0410736102
T002995,0.0529480462
T002996,0.0401770372
T002997,0.0547949004
T002998,0.0830908988
T002999,0.0334539918
T003000,0.0444153363
